case,intervention_rate,stabilization_rate
Core5,0.09361702127659574,0.5909090909090909
Core9(muHSM),0.029787234042553193,0.6071428571428571
