case,toggle_rate,false_intervention,stabilization_rate
Core5,0.09324931446660269,36,0.5909090909090909
Core9,0.12359575424640407,56,0.582089552238806
